,x0_a_r,y0_a_r,x0_b_r,y0_b_r
0,-0.753881206796,-0.0232060198514,0.894400562573,-0.0482148050619
1,-0.817867908405,0.0415415624949,0.721205511199,0.00455880394798
2,-0.721862973358,-0.0593847102449,0.707985202397,0.0211589705462
3,-0.778731069678,0.073739204502,0.874517580248,-0.070406897117
4,-0.895694076302,0.068417412513,0.861638356555,0.0160067483797
5,-0.7538532676,-0.0679913788384,0.748706294842,-0.0783626502825
6,-0.717774924137,-0.0663068138063,0.818130251458,0.00681956406366
7,-0.869245608333,-0.0259931693553,0.835726366282,-0.0987579630348
8,-0.841374228949,-0.0233281041208,0.824089886055,0.0517713630665
9,-0.758725835656,0.0715856168016,0.740616810067,0.0657682886926
10,-0.853311867569,0.0361493265028,0.733752187447,0.0717747661064
11,-0.715253814981,0.0122974824085,0.856573855317,-0.069796525739
12,-0.757134509279,-0.0808688734643,0.838519340567,-0.0636092443487
13,-0.741575846632,-0.0270761512868,0.775529909573,0.0942717372788
14,-0.711818784943,-0.0220810938649,0.747868866082,-0.086813233894
15,-0.861325077998,-0.0585459710809,0.849109318897,-0.0991379706089
16,-0.895829589229,0.0942015512701,0.803350196945,-0.029129119182
17,-0.824898511526,0.0351099257296,0.850703517856,0.00226828726383
18,-0.841251183749,0.0910817307715,0.85967413519,-0.0672330311676
19,-0.784488117789,-0.0185200275166,0.776920781385,-0.053368995188
20,-0.726616312749,-0.0197869314232,0.845495711942,-0.0498208666833
21,-0.786773755425,-0.0503003624447,0.736109105742,-0.0256726305335
22,-0.774989137225,-0.0616459995835,0.767227684843,0.0370602416283
23,-0.790210130937,-0.0177518081893,0.853146173992,0.0490037123356
24,-0.790218296032,-0.0346474737329,0.776481038573,0.0521588390985
25,-0.787960339731,-0.037871034399,0.765198059784,-0.0227511479534
26,-0.877898632642,0.0883322553745,0.828126956196,0.0510896853502
27,-0.802052342727,-0.00610260123856,0.892405506368,-0.017540646813
28,-0.776937511503,-0.0646223254304,0.813723164763,-0.0509698016635
29,-0.722490563966,0.081236616779,0.849847445001,-0.0931167264513
30,-0.768880022846,0.0146185064032,0.773277915174,0.00701225317704
31,-0.726163473614,-0.0777238218497,0.746850020664,-0.0101933277821
32,-0.724052542074,0.0658839826046,0.791059417294,-0.0319162182404
33,-0.860417229512,-0.000733785582469,0.771222457444,0.0738086332557
34,-0.826246842431,0.00412905241491,0.79746773686,-0.0482168133694
35,-0.787722356199,0.0277246212102,0.809908093555,0.0124333687771
36,-0.715916363815,-0.0789476044241,0.82998034115,-0.0311771395467
37,-0.893738429413,-0.0785926594213,0.833902022025,-0.0237342307148
38,-0.768943648418,0.0658195830375,0.710313509911,-0.0825213625825
39,-0.837341774187,-0.00247543440764,0.844471528657,0.063759865061
40,-0.771633541729,0.0424957074509,0.769636462906,-0.0213645262523
41,-0.870965300242,-0.0286661429331,0.860391797602,0.0566926941664
42,-0.798854614997,-0.0781400041289,0.756358686157,-0.0716967215896
43,-0.728254437851,-0.0999902269535,0.710876646665,0.079263493233
44,-0.807543801974,0.0322925775237,0.862319739792,0.0909369644468
45,-0.867323138968,0.0222128827984,0.771770851703,-0.0577962464241
46,-0.899166141835,0.027149506229,0.792031208309,-0.0496952513292
47,-0.823002446225,0.0307133776573,0.795842330745,-0.0601957927586
48,-0.873520464662,0.072757801946,0.86654338965,-0.024909976232
49,-0.859730483077,0.0470783359588,0.825384256137,-0.0210659036413
50,-0.833757635002,-0.0274474650847,0.849374377964,0.0481475517127
51,-0.733910835269,-0.0796494184721,0.765912862522,-0.0426506434519
52,-0.746359658706,-0.0497135160893,0.831382885802,0.0874915813902
53,-0.856349217187,0.0769718975838,0.83304444794,-0.0947598426618
54,-0.836385521379,0.0113531899758,0.769130322271,-0.0763359443507
55,-0.808391306046,0.0536312049481,0.87062379959,0.0689297403315
56,-0.764070879319,-0.0315683394966,0.843816024653,0.0813200482928
57,-0.70849277941,-0.0507243557792,0.778038092769,-0.0854243017357
58,-0.700352316446,-0.0460925011563,0.861400466101,-0.0938973998415
59,-0.827403020947,-0.0407480290507,0.757214587394,0.0650770317867
60,-0.783064170437,-0.0344132021107,0.752579182557,0.0834599088639
61,-0.793925160992,0.0818483982838,0.746119496702,-0.00934094285486
62,-0.721880852932,0.071095305668,0.895987794317,0.0805872830337
63,-0.79763576912,0.0311178499454,0.857884746279,-0.00575400021336
64,-0.876296914765,0.0831038968799,0.808869468521,0.069327208264
65,-0.888948324202,0.0795911841188,0.837968579022,-0.0681484936659
66,-0.798116721033,0.0929360445164,0.759664451387,-0.0403156581397
67,-0.839971927007,0.00998527414379,0.877633389197,0.0534416115039
68,-0.765950295753,0.0565059802513,0.751780928849,-0.00190280913212
69,-0.755642219445,-0.064933734843,0.850734840309,0.0536012491193
70,-0.876137420617,0.0507425918324,0.814976074323,0.049830240624
71,-0.80921137341,0.0860325048574,0.737488252622,-0.00623531454889
72,-0.807786724069,0.076279319416,0.802548042595,-0.0939689954964
73,-0.894119628967,-0.0188610423088,0.811356206856,0.0487357143848
74,-0.87042314437,0.00857059486381,0.870418389333,0.0298501133009
75,-0.790280842017,0.00814798318086,0.870977545966,-0.0064701001519
76,-0.739713054695,0.060585708452,0.856386044921,0.0823607593407
77,-0.835360004288,0.0310409553795,0.712010396153,0.0572859285726
78,-0.849945822633,0.076482198565,0.849230158022,-0.0931634869295
79,-0.736264140235,-0.0139310766909,0.896973359001,-0.0454740125292
80,-0.733305013873,-0.0579581200637,0.850141750025,-0.0438175881544
81,-0.895777983873,-0.0825293221513,0.745885130062,0.068225148611
82,-0.709954220775,0.0482116617574,0.844817931755,0.0964898700068
83,-0.703617770041,0.0787449120694,0.711059970481,-0.00597982830789
84,-0.747426700535,0.0483737752332,0.898043816863,0.0820085748966
85,-0.821201750004,0.0983384169967,0.778145373696,-0.0723870718503
86,-0.802538235321,0.0123091899978,0.861715573952,0.0804892877914
87,-0.792297074045,0.0466970124585,0.876292683619,-0.0530197955571
88,-0.895782318101,-0.0456021862383,0.741021679197,0.036775065629
89,-0.706318481218,0.0138757396267,0.857331881606,-0.0374151791053
90,-0.847461478344,0.0934794279145,0.75656170879,-0.025528527707
91,-0.797704300475,-0.00374740635351,0.847369672576,0.0729497864836
92,-0.738002029577,0.0407995605225,0.792587690284,0.0609184297443
93,-0.733485080929,-0.0658313981194,0.769203193168,-0.091182993807
94,-0.829885479987,-0.09952094756,0.803835838743,-0.0932559765808
95,-0.753673527564,-0.00993001243242,0.735710106729,-0.00816599637642
96,-0.714437203765,-0.0602955693185,0.828855937502,0.0778947982853
97,-0.713016794915,0.0347160484642,0.825582339415,0.0383535722338
98,-0.865716640062,9.43737321497e-05,0.706953516467,0.0544097471435
99,-0.840053724138,-0.0759462994404,0.734420684476,0.0994846580083
100,-0.860461878719,-0.0103279607667,0.849117885373,-0.0877268576967
101,-0.760650124667,-0.0622210450799,0.827524194346,0.0785508029013
102,-0.854784296356,0.00944897085322,0.739622164925,0.0119021700583
103,-0.801004937215,-0.0382271768395,0.720032980499,0.0814700654027
104,-0.753316660205,0.0151822981687,0.859976488614,-0.0153833738811
105,-0.811816417174,0.034155328429,0.781275960553,-0.0579400793358
106,-0.70197426476,-0.0145191458429,0.711979065255,-0.0747526273705
107,-0.87557152635,0.090641534997,0.896001340182,0.0436847032681
108,-0.867205187288,0.0256208099437,0.867358374731,-0.0150248004841
109,-0.862674964339,-0.0134029617786,0.853048137776,0.0695335594218
110,-0.715592285368,0.0902435378223,0.830063083885,-0.013815109811
111,-0.757502786239,0.0476782767842,0.783630814694,-0.0146980093571
112,-0.820439201521,-0.0982789052268,0.754349586811,0.0832872619058
113,-0.854826675247,-0.0858278671543,0.853697360905,-0.0619718023416
114,-0.829833266767,0.0551308668509,0.73283676947,0.0276580803622
115,-0.728169676311,-0.0332636680074,0.742030938551,0.0835358552787
116,-0.883992508317,-0.0803610078158,0.81255916624,-0.0152323933115
117,-0.825633512512,0.0518482590683,0.788402433493,0.0577158225401
118,-0.829483521972,-0.0825071517141,0.728346738419,0.0294909578889
119,-0.768832357068,0.060281936563,0.821930811761,0.0156068347373
120,-0.767676305673,0.0802987124439,0.818048922133,0.058740634302
121,-0.884125466821,0.0503039774753,0.734894391702,0.0731324677189
122,-0.701484055862,0.0520074995526,0.884581382404,0.0575768362011
123,-0.762594163535,-0.0638003990252,0.745488050502,0.0782485804294
124,-0.754537639461,0.0432959277047,0.788996492081,-0.037992575343
125,-0.732674455073,-0.0660268614498,0.733264233626,0.0360375195665
126,-0.780209679381,0.0370251877893,0.887144082894,-0.00971737909323
127,-0.874823968338,-0.0431480425605,0.747605617343,0.0786785332166
128,-0.736196658525,-0.0463445618124,0.826476744753,-0.0383905579572
129,-0.851856845323,0.0387191944168,0.745887220084,-0.00894466887666
130,-0.745173750682,0.0833549125794,0.769116345919,-0.0462339576211
131,-0.728517408979,0.0347120640946,0.840034682714,-0.0982113530016
132,-0.862777215062,-0.0760778169503,0.895517710011,0.0186337280819
133,-0.875558503719,0.078052057185,0.812550945401,-0.0507000662441
134,-0.772926771294,-0.0229701309336,0.858861432089,0.0862137616343
135,-0.853185825154,-0.0248044430089,0.753478404284,0.0329395212736
136,-0.724356434255,-0.0179461746344,0.790001806778,0.042385849317
137,-0.846413348341,-0.0288848658329,0.805045604325,-0.0951936747108
138,-0.763511260152,0.0132101796921,0.858436042804,-0.0815612414873
139,-0.884002900919,0.033533520043,0.818908606004,-0.00897917834758
140,-0.746693163314,-0.0351232000072,0.722189842673,-0.0747000047546
141,-0.896877258402,0.0442202797775,0.700311754578,0.057774346126
142,-0.829351380809,-0.0858253906599,0.84627318716,-0.0707520077484
143,-0.827862671911,-0.0394533369022,0.730733500362,-0.0884659416661
144,-0.742369209282,0.0761403485928,0.788419135831,-0.00395406616816
145,-0.72747078825,-0.0083091064664,0.700753189302,-0.0264994779169
146,-0.872019476124,-0.0682822697638,0.815326255365,0.0613287354489
147,-0.884396953039,0.0934227917485,0.864769005484,0.068362798699
148,-0.86538842112,-0.0911994495125,0.760594169598,-0.00790676323332
149,-0.804383728525,-0.000650362661805,0.862187933769,-0.0313289196419
150,-0.78279290434,-0.014960089271,0.842390179083,0.0117757397765
151,-0.811453028104,0.090543631098,0.887383081121,0.0139317818351
152,-0.84255543604,-0.0844894601854,0.883180088024,0.0801024707003
153,-0.759197815587,-0.0376841726237,0.749742277055,0.0612812866063
154,-0.828089128753,0.0746942597607,0.755107059897,-0.0357037844201
155,-0.73856437247,0.0441119301069,0.764517647803,0.0271470808605
156,-0.847455871285,-0.0385782708147,0.78386160992,0.0556837609365
157,-0.866313191079,0.00848428875201,0.822693852232,0.00508068247237
158,-0.78285744542,0.0971492606279,0.883383754854,-0.0544667359057
159,-0.703097883897,-0.0744495059807,0.781694620566,0.0764053083455
160,-0.846781757439,-0.0443359962041,0.701863071099,0.0495047333894
161,-0.840728913442,-0.00891271276795,0.838257873649,0.0578045476748
162,-0.728472531223,-0.00928998684147,0.793328401801,-0.0272283551471
163,-0.8043610728,0.0492411343408,0.806663835081,-0.0990639147716
164,-0.791683117362,0.0328707462371,0.769057286043,-0.00183705941796
165,-0.751195070147,-0.0961185909517,0.781169901829,0.0458936032059
166,-0.700251012809,0.0788628653458,0.749241153204,-0.0653771752622
167,-0.791068979717,0.095330622717,0.781987893277,0.0751516674808
168,-0.763714532115,0.00452683037839,0.736720750456,0.0824221863314
169,-0.798235936974,0.0167701618408,0.804770599699,0.0783084619203
170,-0.845895181638,0.0147588162736,0.864724862539,0.0683324797278
171,-0.702750276225,-0.0487952979553,0.718068975549,0.0456922886917
172,-0.836578232016,-0.0929288575866,0.749055660393,-0.0943098955852
173,-0.743789415061,-0.0790926181603,0.8855363766,0.06661045195
174,-0.816152507612,0.0873872948657,0.868804964127,-0.00931178175878
175,-0.889335114154,0.0117729986011,0.737574938769,-0.000438293268625
176,-0.713756366615,-0.0557287646284,0.774875903367,0.0699027936954
177,-0.710719096567,0.0426767760507,0.837229604073,0.0523790127073
178,-0.781962237691,0.0854758847878,0.843616332664,-0.0833550208341
179,-0.796914309861,0.0686390830788,0.887267486474,0.071226294153
180,-0.767650210132,0.0178813968995,0.747806550132,0.015632850774
181,-0.823907229314,-0.0699259692827,0.852540228353,-0.0697165949967
182,-0.777425783119,-0.018796549112,0.859697819681,0.068426918287
183,-0.746654363478,0.049931034858,0.703544153811,-0.000483036571374
184,-0.854080728468,-0.0745856054787,0.782868347918,-0.0831071239351
185,-0.702223438737,-0.0428991756719,0.749831382184,0.0249418776639
186,-0.778263492185,0.0451707213048,0.774967663248,0.0992760679251
187,-0.820214845961,0.00198849119786,0.827584060924,-0.0648098267885
188,-0.817486185309,0.0768693030174,0.819666504514,0.0364206169124
189,-0.81860565361,-0.0121384524613,0.863763781326,-0.092939805348
190,-0.776987574737,-0.047540880923,0.704111943651,-0.0986267174918
191,-0.74228954867,-0.0751039868584,0.850438463422,-2.32320676669e-05
192,-0.870575913605,0.00647554596063,0.897432501162,0.0296603096509
193,-0.800137160688,-0.00999624012341,0.731031890151,-0.0538223629838
194,-0.876037476994,0.0837412981082,0.823869612306,4.45469662104e-05
195,-0.855088838419,-0.087586392161,0.859399649423,-0.0901817685299
196,-0.890543146172,0.0341220684779,0.744583223466,-0.0644006667275
197,-0.755154308869,0.0016705401723,0.831345733084,0.0109678633373
198,-0.739866229376,-0.0530202882262,0.802749983303,0.0184241562435
199,-0.89556433987,0.0263529954915,0.887500830834,-0.0679241168963
200,-0.784422049404,0.0467531989324,0.704288089003,0.06340050423
201,-0.812531008482,-0.0765545793279,0.860074058188,0.086317494926
202,-0.787697345406,0.0602271908125,0.886423986268,-0.074278706979
203,-0.711593210392,-0.0195828900641,0.801134423779,-0.0597566559585
204,-0.780275930622,-0.0166728236418,0.755045264569,0.041230317662
205,-0.797136242662,-0.0788915416526,0.830017935393,-0.052212978332
206,-0.845645187542,-0.0270452586411,0.82868686847,-0.0816083240548
207,-0.749994947273,-0.0307737131687,0.788033157296,-0.0826594713232
208,-0.853473744122,0.0886067494401,0.869610235947,0.0181954244671
209,-0.863555074914,-0.0596302485738,0.850892176055,0.0693665248177
210,-0.736719195279,0.0863164742248,0.834778915999,0.097324767268
211,-0.892396854367,-0.0166155034413,0.777055711395,-0.0998839434381
212,-0.830113767783,-0.0415065960518,0.886809483436,0.0579493712385
213,-0.808203313672,0.0500257564847,0.802206220548,0.0161681790155
214,-0.783809829551,0.0799182900881,0.85196979161,0.0517453390059
215,-0.758374206394,0.0242560147422,0.791324088476,0.043147461048
216,-0.874383746839,-0.0504551681789,0.86415946043,-0.0364329427334
217,-0.805151724936,0.099344450576,0.887495609113,0.0877787198356
218,-0.700407157697,-0.0924364533335,0.899818321231,-0.0695606353788
219,-0.724445104399,-0.0673159618315,0.787099882426,-0.0476062732897
220,-0.870742926629,-0.0274156043588,0.84784490805,-0.0823709927593
221,-0.848129945009,-0.0372862626055,0.799519072126,-0.00974778870691
222,-0.839168752247,-0.0954694011677,0.799699003451,0.0623148359301
223,-0.719497678103,0.0262716881227,0.895042957521,0.0539308055046
224,-0.744904171321,-0.0414120682166,0.854960009533,0.0447482361649
225,-0.88032888463,-0.0405894058485,0.859211543761,-0.0434617114499
226,-0.840776676032,-0.0152597752414,0.7837326052,-0.0557449921528
227,-0.793598645231,-0.0504251948651,0.713164071106,-0.0195702462766
228,-0.757224922628,-0.0785641538516,0.755623891839,0.0734345847158
229,-0.839320957363,-0.0392189282376,0.764101845719,-0.0363239314725
230,-0.734253032544,-0.0386677858011,0.807733425682,-0.0797032366285
231,-0.742678982519,-0.0249518898957,0.705201144172,0.0979773534568
232,-0.715012291652,-0.0347715511728,0.816722494699,-0.0976595271019
233,-0.866997720909,-0.0521863204794,0.758486861532,0.0977462412458
234,-0.795676981128,0.00246895468289,0.825965094041,0.039034229887
235,-0.760997940451,0.019002079516,0.777478391994,0.0414058700495
236,-0.789189019036,-0.0534027136249,0.820213025026,-0.0375570093318
237,-0.849062577244,-0.0572023681909,0.897257458032,-0.0177342779385
238,-0.871507336852,-0.0798501441291,0.816994439734,0.0534423735173
239,-0.833432917354,0.0578807127732,0.78628151805,0.0376047416729
240,-0.749830591692,0.0395848911282,0.855023865377,-0.0941347863812
241,-0.85251422878,0.0966792283092,0.803595243349,0.0501303693324
242,-0.727688662331,0.0807099426533,0.764666321309,0.0699899434898
243,-0.8061498349,-0.0840997761493,0.703012419387,-0.085662909347
244,-0.729968798052,-0.00187218618672,0.819413077222,-0.0109823216668
245,-0.870823295454,0.0530378099326,0.826018305082,-0.0591125675313
246,-0.715790193417,0.0746098748672,0.864564573947,0.0749534477152
247,-0.741491696664,0.035325204526,0.703585329368,-0.0004893398719
248,-0.862856050968,0.0898605343131,0.838542486805,-0.0568081970589
249,-0.823810025695,-0.0811256707817,0.743809627315,-0.0991774395114
250,-0.890791349246,0.0513015218507,0.743335981951,-0.0377286658161
251,-0.850606005118,0.0419563372552,0.881575026766,-0.073669636231
252,-0.792212098014,-0.0592985511458,0.828637842619,-0.0921608742218
253,-0.76562018817,-0.0510450134548,0.881095520898,0.0758260622011
254,-0.818481117286,-0.00801179288253,0.830383400536,0.097745984377
255,-0.881842565601,0.026773560609,0.769146679591,-0.0557408371873
256,-0.754675397339,0.0819729215951,0.828341530781,0.0167223588982
257,-0.861520331939,0.0591901524406,0.820154940313,-0.0977858259421
258,-0.720887583031,-0.0566078621988,0.77161434202,-0.0145224401934
259,-0.795189694546,0.0313816627499,0.859856585248,0.00890955364198
260,-0.78137600204,-0.045344897759,0.852445464808,0.00046242575924
261,-0.811963546768,-0.033986738062,0.742990790435,0.0836943515033
262,-0.826281905804,0.0131217703611,0.753341193537,-0.0387494914953
263,-0.799567499528,0.00622490257433,0.72089089933,-0.016276302736
264,-0.809343621882,0.0159657903337,0.84698858995,-0.0567371608581
265,-0.714103451013,-0.0182941653469,0.764808142277,0.0625346365752
266,-0.875934675048,0.0200159826235,0.748842746457,-0.0237938599069
267,-0.883870908443,0.00436177667282,0.889126512426,0.0944665841733
268,-0.84339979706,-0.0437118715348,0.89349025886,0.0692578750883
269,-0.745004800679,0.0145920817847,0.796751247549,0.0523432949122
270,-0.740477428527,0.0163377768095,0.703714947202,-0.0389281083415
271,-0.899913809863,0.00500788017108,0.896469707523,0.0357352015677
272,-0.828076115812,0.0188291803584,0.780422389187,-0.0201959781819
273,-0.805867662963,0.0992303511651,0.892250079807,-0.0357594478418
274,-0.873263401394,0.0780570630544,0.762334017495,-0.0952271324238
275,-0.735763553946,-0.0915587108741,0.746289501454,-0.0664456780129
276,-0.754611177013,0.0980721320616,0.736566724632,-0.0617268860567
277,-0.883346901267,0.073183034968,0.829582157449,0.0933190490209
278,-0.820791500637,-0.0672869717788,0.774583257404,0.0134423764985
279,-0.736145753406,0.0136070541752,0.721400121893,0.0325251024193
280,-0.866136592852,0.060535266587,0.726221680074,-0.0387170011406
281,-0.89296971543,0.000434524245904,0.735170156899,-0.0537819778224
282,-0.749292143831,-0.0177717065866,0.737176913037,-0.0270836767896
283,-0.803734369125,-0.000615716697628,0.748724205661,-0.0655544250698
284,-0.761216422357,-0.0213252978709,0.704498358711,-0.0811154645598
285,-0.843944254984,-0.0323387846984,0.869468070394,-0.00843492278343
286,-0.803518157393,-0.069496838377,0.709232622606,-0.0282498605936
287,-0.817712256292,-0.017029239275,0.833287713555,0.0852920113439
288,-0.776648096322,-0.0123393154678,0.876805130117,-0.046022736763
289,-0.828840753332,-0.0522878181015,0.788965158346,0.0169794489471
290,-0.818841351265,0.0854731237572,0.727410504294,-0.0471084649818
291,-0.752532662483,0.00710623748899,0.871413658769,-0.0805431043144
292,-0.782329556791,0.00855128477172,0.725646941529,0.0760744509265
293,-0.740440417112,0.0959969314407,0.806128238683,-0.0785519829508
294,-0.79280670805,0.0321630741185,0.846365171752,-0.0401112629525
295,-0.843172477603,-0.0332429784144,0.700414266028,-0.0287696495948
296,-0.752251862811,0.0756647828434,0.701791680733,0.0706537945397
297,-0.792485939969,-0.0987954306057,0.810098973182,0.0849008444472
298,-0.758686893546,-0.0889351781597,0.772130027021,-0.0476747063325
299,-0.766562284352,0.0398775432837,0.771262398277,-0.0301410961045
300,-0.715472458069,-0.0344277063795,0.845264987867,0.0128540480054
301,-0.810153706464,0.0710322630353,0.82336499652,-0.0909396527916
302,-0.857972490697,0.0988383180955,0.821590140475,0.0898063310692
303,-0.796749301701,-0.0567282148076,0.701413655884,-0.088715790932
304,-0.777325448758,0.0978623433988,0.822255606804,-0.0467364130394
305,-0.851362429784,0.071655696824,0.797771377762,-0.00432216392814
306,-0.706204464296,0.0961665471305,0.836481101083,0.0976433011663
307,-0.75059795775,-0.0198149016953,0.706652182746,-0.0643037854053
308,-0.860511188378,-0.0996045289189,0.770125393895,-0.0303562711255
309,-0.89921938126,-0.0575346802366,0.815119369206,-0.0132398708537
310,-0.840730811051,0.0417308265982,0.774351233624,0.036607105086
311,-0.800606102373,0.0264527982408,0.70643467637,-0.00338059514862
312,-0.706915565269,0.0695358118706,0.813379749287,-0.0485165199649
313,-0.8673324423,0.0281692078769,0.800181506298,-0.0441215265283
314,-0.726961270156,0.0277404179557,0.742819725253,0.00716768066152
315,-0.731998841333,0.0878135365036,0.799725730719,0.0821907201309
316,-0.783560601271,-0.0779512722436,0.829938871735,-0.0099016339278
317,-0.824125720053,0.0744486093812,0.861185478113,-0.0348272095563
318,-0.711530359236,0.0516464356767,0.729530351249,0.0937847548561
319,-0.81720230662,0.0386566635034,0.725543500348,0.0397749614135
320,-0.701104700425,0.0590422595382,0.719818811613,0.039331500883
321,-0.897902883348,-0.0478712758288,0.711303347601,-0.031298525851
322,-0.861196861085,0.0868364042628,0.705363870304,0.0349960076373
323,-0.797057105148,-0.0308148238939,0.774070155529,0.0421624729074
324,-0.839106311737,0.0816270811722,0.842736841124,-0.0594627071969
325,-0.821457366336,0.0162330408235,0.702613686332,-0.0958657369736
326,-0.812303191237,-0.0700387935585,0.756406137337,0.0232725517495
327,-0.716447999844,-0.0336912575818,0.721950133935,-0.00951638568533
328,-0.813471596598,0.00336491898214,0.824375040989,-0.0601262167145
329,-0.702067450222,-0.00469804814633,0.870602422282,0.063548940796
330,-0.84146276224,-0.0525782332591,0.774793104559,0.0514415697156
331,-0.712812034526,-0.0205720448844,0.777168235276,-0.00295462330694
332,-0.891172380357,-0.0145838542943,0.778142468273,0.0518339892451
333,-0.80799051159,-0.0780999906321,0.818210747754,-0.0868573171888
334,-0.850433825241,0.0877588677566,0.797651216651,0.0426954745175
335,-0.766565219919,0.0701510906331,0.732303111258,-0.0515925626671
336,-0.798224542772,-0.048974517854,0.786798046288,-0.0488516751586
337,-0.765500963539,-0.0552614528964,0.784196305239,0.0863174696578
338,-0.757552068697,-0.0975619674556,0.829582391692,0.0855094876047
339,-0.825436576624,0.0713918688266,0.888232247393,-0.064114563216
340,-0.895035075486,0.0997789438204,0.816014015566,0.0465067848366
341,-0.740871892975,-0.0913727133617,0.779541926886,0.0265909681901
342,-0.794856153305,-0.0739772720845,0.875134873894,-0.0115606989394
343,-0.899044966574,-0.069752175365,0.854687696626,-0.0206379758899
344,-0.736308490866,0.00353210697701,0.836258028468,-0.0364891010584
345,-0.727865544259,-0.0224058759864,0.792018722183,0.0576091988367
346,-0.779239024726,0.0817639370562,0.889396975549,0.0516825412489
347,-0.821324448606,-0.00807147528993,0.742148619269,-0.0829024937664
348,-0.725428144067,0.0127395812747,0.760724693587,0.0633857957803
349,-0.741918185816,-0.0320734310197,0.708321333843,0.0975226784204
350,-0.826917716775,0.00169253929362,0.896746419126,-0.0559137046804
351,-0.851299887702,-0.0502508907769,0.809996079683,0.0353215685591
352,-0.762417406303,-0.0291371748116,0.890859544928,0.0885362942442
353,-0.747786177255,-0.0260381765567,0.769448674155,-0.050422832197
354,-0.899026339329,0.00543528383332,0.797197596979,-0.0662511939686
355,-0.844145586751,0.0024848743526,0.750804008402,-0.00230477483906
356,-0.893283739222,0.0836325324272,0.844060627421,0.0650170818779
357,-0.714775879157,-0.0601094975303,0.705977711815,0.0127270377892
358,-0.705116435311,0.0997483815772,0.731939550382,0.0777158468972
359,-0.745847028598,-0.0933755744628,0.872722830882,-0.0433021509468
360,-0.864170204968,-0.015101349099,0.845530978622,0.0362493055489
361,-0.757357970717,0.0108420754293,0.821777775117,-0.0720840507042
362,-0.746534552949,-0.0289085209716,0.863036519919,0.0246490560554
363,-0.782335606709,0.0882922968377,0.726601208751,-0.0604580954757
364,-0.858728178138,0.0379243991654,0.883050766822,-0.0599686855602
365,-0.844085310779,0.0109763336575,0.840896491903,-0.081545465175
366,-0.766607497631,-0.0801069901948,0.792309180865,-0.0485259300308
367,-0.843493339397,-0.00730403311314,0.745216051513,0.0446107061119
368,-0.832438721832,-0.0653173949823,0.725373711452,0.0745271608212
369,-0.721967579782,-0.026593825406,0.721329622758,-0.0677931430606
370,-0.817725267136,-0.0916109831386,0.872195040894,-0.0384337000013
371,-0.824040411536,0.0239074714206,0.896060618627,-0.0947706196591
372,-0.842633612752,-0.0600536918901,0.827107599835,-0.0583118530789
373,-0.818486611142,0.0436693281412,0.793651361693,-0.0155316924407
374,-0.810061833532,0.0660903476204,0.781364136774,-0.0658234622437
375,-0.72567731947,-0.0188496282734,0.853427691475,-0.074933576373
376,-0.865671814095,0.089954708081,0.733411087395,-0.022836956773
377,-0.846329061221,-0.0970589389592,0.861398057848,0.0844430596952
378,-0.785883834785,-0.0660826673756,0.853313748343,0.00833500454259
379,-0.71838611968,-0.0339353649422,0.737735881358,0.074276661104
380,-0.774911641036,-0.00672176157449,0.771232118437,0.0349369951068
381,-0.759118436827,0.078546815708,0.894225908721,0.00551277502993
382,-0.80141108847,0.0639353266661,0.863360145359,-0.0573109643969
383,-0.755405450217,0.0659217534242,0.716925053699,0.0362737903866
384,-0.819023304376,0.0464295906176,0.778730853501,0.0644404177517
385,-0.796052542985,-0.0127103379742,0.792595103222,0.0719708528701
386,-0.78131321206,0.0783129386042,0.742390633513,-0.0317754807159
387,-0.833176586519,0.0808726053078,0.868637582113,0.0156920559085
388,-0.752776663308,-0.0137994383102,0.703333695618,0.0565980516656
389,-0.818698863815,-0.0218650738703,0.871193478587,0.0862936605998
390,-0.751535645266,-0.0241869095927,0.818949147509,0.0852882325867
391,-0.796225756339,-0.00114549446591,0.811930619581,0.0987611426774
392,-0.879399797145,0.084629242405,0.897230228726,-0.0265771392311
393,-0.830255945283,0.0127932779681,0.878648558235,0.0694272452981
394,-0.77955566558,-0.0702137888015,0.706284358654,-0.0228713437564
395,-0.82329250328,0.0754615028065,0.821795668336,0.0120101644196
396,-0.813898143552,-0.0825201770555,0.775813430852,-0.0140084438887
397,-0.795912489966,-0.046777756728,0.778763106328,0.0292806953397
398,-0.733408980404,-0.0292153613037,0.812401796449,0.0680037633369
399,-0.884638072158,0.094558746114,0.862598752427,0.093880397181
400,-0.789852637525,-0.0942160314474,0.789066837739,0.0220880104464
401,-0.7551935569,-0.0850687241492,0.873126188824,0.039041631624
402,-0.822934449914,-0.0794342648569,0.799736358408,-0.0556029299331
403,-0.816827323312,-0.0414947242551,0.70187025092,0.0223574774433
404,-0.870198990397,0.0697432209767,0.881051666919,-0.0442437293282
405,-0.840307924331,-0.00817391350105,0.793297823279,-0.0214498280909
406,-0.782127829341,-0.0715528574208,0.742063619449,0.0787130088669
407,-0.868149994475,-0.0525519606236,0.87451253077,0.026010998365
408,-0.851013450267,0.0888954923471,0.882810951265,0.0271663691079
409,-0.82759708187,-0.0849342059843,0.73662254206,-0.0917365149743
410,-0.883171237318,-0.0937723094525,0.7372861448,-0.0857615820376
411,-0.735395843466,0.0194437812179,0.804522020202,-0.00315643728037
412,-0.855158158111,0.0239708533763,0.750756787139,0.00429280577189
413,-0.862953456564,0.0870482077952,0.812974258468,-0.012776961982
414,-0.869794082357,-0.0276318843322,0.772497392628,-0.0560744737174
415,-0.706463735979,0.00233142049797,0.772820274672,0.0314848252977
416,-0.848584094165,-0.0745013255776,0.717192560247,-0.0529964608989
417,-0.805859708264,0.0520798921194,0.778308304083,0.0293914953012
418,-0.750743026106,-0.0957257680375,0.897606980411,-0.0064444232169
419,-0.800301142453,-0.0380970628413,0.728335251535,-0.0754151987009
420,-0.813345439804,0.0853499541736,0.721280121358,-0.0275677528424
421,-0.701736392162,-0.0508737913773,0.77014379996,0.0681416057059
422,-0.784245279965,-0.000135850726469,0.89077700822,0.0409341564533
423,-0.739134655758,0.0266383605415,0.825994628999,0.0366198967337
424,-0.814570548392,0.0972412217949,0.778366399508,0.0959089585748
425,-0.79946815942,0.0409865028414,0.831640911583,0.0817168792132
426,-0.735859041409,0.0291034911745,0.874469456011,-0.0910956603113
427,-0.770201600062,-0.00893873089739,0.798612977031,-0.01017612546
428,-0.893759974353,-0.0883269648914,0.81252434498,-0.0158462424743
429,-0.8568150332,-0.0660939773244,0.816190618601,-0.0634573958304
430,-0.834190288191,-0.0672129604703,0.750574528977,-0.0995185141324
431,-0.738984325864,0.0288651080594,0.759196510475,-0.00361731734419
432,-0.774122872997,-0.0525810225126,0.71252241231,-0.083745488135
433,-0.748107085501,0.0603527063564,0.709736149904,-0.0346353314451
434,-0.779328477612,-0.00452028232503,0.712212018172,0.000383627662915
435,-0.778076607487,0.0341493532298,0.892764351849,-0.00416382363281
436,-0.818147681334,0.0674901261586,0.819727761869,-0.0559197265444
437,-0.856162468568,-0.0326577582696,0.861200965351,0.052733343604
438,-0.896694879698,-0.0198741944449,0.756785272651,0.0111386625612
439,-0.862266967715,-0.0666928270945,0.784734890928,-0.0374162437722
440,-0.899890554527,-0.0416564526852,0.784302114596,0.0961727051586
441,-0.78600641626,0.0642787464568,0.850179310486,-0.0711334417838
442,-0.887188499816,-0.0205909229992,0.864217174539,0.00220511364176
443,-0.708802561893,-0.0554172647119,0.872417200286,0.0565352104125
444,-0.711808768082,-0.0194632406169,0.727126648655,-0.0236906031582
445,-0.845940574718,-0.0117162353157,0.763747390215,-0.00524741964739
446,-0.837204815593,-0.0273701382831,0.830323235027,0.0663551465008
447,-0.727698081989,0.0919731834502,0.733488552109,0.0669822578702
448,-0.776774356889,0.0707651129609,0.834884846455,-0.0702740502158
449,-0.722642725783,0.0300949991933,0.744084754503,0.0906031072487
450,-0.838642518114,0.000537040620774,0.723644975146,-0.0208159400304
451,-0.754862649153,-0.0461373186497,0.838380778846,0.0466159979279
452,-0.758528884563,-0.0334910013366,0.835833825487,-0.0918987491557
453,-0.828443143736,0.0759720844474,0.820354063636,-0.0176092147524
454,-0.882165783528,-0.0332482015673,0.805153669295,0.0649808882708
455,-0.852096561339,-0.0389152260254,0.767246634285,0.0628810836315
456,-0.796689522257,0.0385558067186,0.700837895804,0.06975998224
457,-0.750628537036,0.0968075173839,0.716346639512,0.0549415682647
458,-0.781311638383,-0.0490054916382,0.786502539195,0.0608366594511
459,-0.847662735621,-0.0311585683527,0.756140875712,-0.0949763364992
460,-0.760539879611,-0.0538150501753,0.804786821032,0.0530135748046
461,-0.725113066635,0.0193928308795,0.839919280582,-0.0252043088006
462,-0.774648394796,0.0470942575141,0.797981754391,0.0281793770087
463,-0.812239012553,-0.0287920191441,0.756490464334,-0.0635233916577
464,-0.754586846012,0.0932668479479,0.866626776978,0.0246685681546
465,-0.877542767764,-0.0990640894758,0.753381057203,-0.0959071965153
466,-0.88055818643,0.0580123526859,0.718347991266,-0.0637209002465
467,-0.804918422182,0.0218638589849,0.881918644357,0.0951083141457
468,-0.831415571452,0.0516014653905,0.777814393139,-0.0151552778798
469,-0.774934087159,0.0771406631332,0.893933183418,-0.041282908598
470,-0.712695636333,-0.0906842413652,0.720114631759,-0.0923963826724
471,-0.747322799989,0.0366468904287,0.739378771746,-0.0787057783662
472,-0.712963619617,0.0988796516283,0.707359227476,-0.00300533608477
473,-0.790864328244,-0.0251870067767,0.855316519411,-0.00299662876928
474,-0.779398018568,0.0618814978989,0.894797331584,-0.0767976250225
475,-0.779811645804,0.0643476297782,0.700200098933,-0.00153421393653
476,-0.865469527838,-0.0245478014839,0.815738040113,0.00387977527355
477,-0.719312795389,0.000392843306762,0.75984182739,0.0414216739529
478,-0.785948302583,-0.0818342445884,0.766820556656,-0.0732346022866
479,-0.836638962255,0.0920576179329,0.877682356313,-0.0573528724547
480,-0.78016928547,-0.0796725603203,0.774186148493,0.0778163069864
481,-0.820861718255,-0.00476929634989,0.737526597501,0.032459523597
482,-0.871703564792,-0.0767853582574,0.778322241647,0.0307652575891
483,-0.792891373856,-0.0070186426275,0.802561858488,0.0713209406062
484,-0.891357400533,0.0395675096437,0.895468792645,-0.033677405791
485,-0.774497275026,0.0445216058704,0.8374230626,-0.0539540410317
486,-0.809399558999,0.0780188693345,0.776699276107,-0.0778605309104
487,-0.753421183246,0.0803210356376,0.72278372519,0.0438275456699
488,-0.894036171767,-0.0972508580064,0.845080077635,-0.063497442047
489,-0.779410653487,0.0467630426052,0.789581634778,-0.0335026554699
490,-0.728417209848,0.090717646975,0.871175293813,0.0198389959441
491,-0.750828411148,-0.0746015822158,0.79075701516,-0.0936263388083
492,-0.724018330738,0.0499157928768,0.835627878837,0.0379036463206
493,-0.766119647009,-0.0991826024102,0.890683027374,-0.0583201594556
494,-0.837429801793,0.0156350348017,0.80458262651,0.0498348158147
495,-0.785541671653,-0.0874696507582,0.750304313374,0.0425049420774
496,-0.820566014481,-0.0788180396763,0.867021480237,-0.0715817978233
497,-0.755871612266,0.0738733610716,0.849627954477,0.0713601317393
498,-0.752262025129,-0.0371952727825,0.828788842643,-0.019974666667
499,-0.826440828303,0.0852320754507,0.747572751621,-0.0242320958467
500,-0.70416351191,0.0369665901756,0.784359131569,0.058591706831
501,-0.850332063912,-0.0549116703778,0.788027423779,0.000250144169976
502,-0.846553689957,0.0812475912238,0.771120706186,-0.0403185020157
503,-0.829048322901,0.025610042815,0.702040264377,-0.0745530067408
504,-0.718460972348,0.0732448615708,0.841297900267,0.058780089389
505,-0.743980424054,-0.0451553069426,0.711913690367,-0.0710818375724
506,-0.773336365339,0.038690445768,0.720491389456,0.0419408354707
507,-0.744566574152,0.0782354589805,0.808734241219,0.0324043885819
508,-0.836458499517,0.062010224985,0.871689142868,-0.0794647391202
509,-0.830118376511,-0.0155110551338,0.787509451556,-0.0127944516346
510,-0.880308284158,0.0924577934457,0.786046516957,0.0675461609086
511,-0.748253420268,0.0949250359289,0.870232751154,-0.0139836506624
512,-0.79211203884,-0.0487448415765,0.802696562691,0.0550860480552
513,-0.790707168851,0.0246215602629,0.814781659015,0.0875583282982
514,-0.736934026834,-0.0663243096858,0.888302032237,0.0607138929793
515,-0.887268549007,0.00295522791929,0.789103875355,-0.0553940317903
516,-0.71416253784,0.072374105261,0.818984802743,-0.0685223450525
517,-0.711285150498,-0.00995101260869,0.765852432494,0.00827114350545
518,-0.836041489363,0.0220540728858,0.882778718709,-0.0697302206413
519,-0.701796037594,-0.0309672832376,0.747716660852,-0.0898882506895
520,-0.731067840875,0.0845094737985,0.860801148291,0.0291684179095
521,-0.768745718711,-0.0798925753174,0.701107673778,0.0187161968043
522,-0.753851647515,-0.0620333407023,0.789025353507,0.0788896150558
523,-0.742127524675,-0.0355317045772,0.875046835565,-0.0145649378729
524,-0.824553952665,0.0420001738587,0.800650672031,0.0437015973666
525,-0.795999776793,0.0297819739041,0.89152517176,0.0866139292249
526,-0.863881461734,0.0787804516534,0.782636707461,-0.0659705819121
527,-0.704955792056,-0.0652719849785,0.855721941975,-0.0518582778653
528,-0.862050439191,-0.0479324516985,0.816712362417,0.0645585722319
529,-0.826498108668,-0.066254931544,0.837867080068,0.0155224084969
530,-0.794263121521,0.00413526803828,0.865113433561,-0.00846958381049
531,-0.735636405725,-0.0972683891825,0.768889542859,-0.00505874718177
532,-0.712881044176,-0.0102450097508,0.795764975067,0.0476493806603
533,-0.795182230139,-0.0805963219967,0.801544584695,0.0253256084286
534,-0.783867237852,-0.0306648706101,0.711719838319,0.0460806035666
535,-0.723661331623,-0.0447156327789,0.708575756133,0.0385876621531
536,-0.842201821116,-0.0551008966566,0.874767879942,0.0879253391589
537,-0.822014730605,0.0388361200023,0.827843712021,-0.0256677450949
538,-0.80750239955,-0.0383805534913,0.782919840944,-0.051091453723
539,-0.85356222604,0.0233863344594,0.725420237423,-0.0784082161622
540,-0.716783083662,-0.0557405423673,0.720126945803,-0.080415400558
541,-0.801464289933,0.0951742538167,0.87634116312,-0.0627057296252
542,-0.852579437719,0.0938326210016,0.793130767027,-0.00703931644133
543,-0.732222125983,-0.0831800392868,0.712627536905,-0.00241140071951
544,-0.83529783236,-0.0650723042041,0.729295154623,0.0600018544363
545,-0.81388513822,0.0289970045555,0.747854139281,0.0633766805652
546,-0.849087402779,0.0300979222946,0.813665913908,-0.0684520052871
547,-0.801090734437,-0.0471368837299,0.853921273286,0.00112002215253
548,-0.820046153741,0.0105810877596,0.841866828272,-0.0997622346338
549,-0.716065290836,0.07301000829,0.837430509644,-0.0832989686591
550,-0.882157280255,0.0665396424372,0.788526281949,0.0534327932949
551,-0.855265616744,0.0322563523987,0.85621831912,0.0905251140501
552,-0.833321139392,-0.036257601617,0.836517134423,0.0308656480005
553,-0.847194200863,-0.0417780161639,0.77311286749,0.0140800899915
554,-0.888245808746,-0.0765671087124,0.776549090886,0.057081433953
555,-0.860385357918,-0.0962110172727,0.701825737935,-0.0685345624973
556,-0.758771458667,-0.0946598890143,0.769996324833,0.0899488758914
557,-0.724384866361,0.0345849671618,0.887091069525,-0.0728000844203
558,-0.884866575275,0.0614255074187,0.896090170139,-0.0502468127133
559,-0.717169804168,0.0444672422491,0.870716667625,0.0355661092494
560,-0.819013033377,0.0661937134017,0.712816122523,0.0854289661978
561,-0.80072123995,0.0327180336388,0.73318151345,-0.056202470099
562,-0.782063826312,-0.0266475753477,0.792333843389,0.0288997538019
563,-0.826669843712,-0.0232839694242,0.732622080017,0.00855414075352
564,-0.763486264739,0.0792698517526,0.774941526217,0.0292955288968
565,-0.751405993579,-0.0780837681873,0.871678732541,0.0338703356396
566,-0.867669030934,0.0237114176801,0.759799929429,0.0219366156467
567,-0.778786796593,-0.0976424906286,0.870430891627,-0.0137730011563
568,-0.725559565271,0.0678956741594,0.883347867684,0.0535779356428
569,-0.810591137277,0.0274094228563,0.759916570951,-0.0504085579785
570,-0.731066627032,-0.0846196901447,0.899637042883,-0.000523611218116
571,-0.713574431943,-0.0394283056919,0.788099311303,0.0501060950533
572,-0.750708484745,0.0419793592991,0.805732302887,0.014327524589
573,-0.728747152868,-0.0152746469846,0.819751631494,0.0391562423208
574,-0.846202973509,0.0254486307628,0.861221399157,-0.0210451940577
575,-0.780921074109,0.0867351050704,0.704929519719,-0.0475824373082
576,-0.842504652666,0.0983015646942,0.778882512037,-0.0938757808123
577,-0.789467631789,0.00123075065467,0.827778469742,0.0171527096926
578,-0.808349588723,-0.000979330235624,0.775867579289,-0.0586430008824
579,-0.873206407062,-0.0740804449491,0.729306378263,0.078099201622
580,-0.720356731421,-0.0131657693349,0.700658944925,-0.0381624692945
581,-0.87631829092,-0.0227287680163,0.74352551354,-0.00658998559807
582,-0.728028954624,-0.0548892844506,0.720365072752,-0.0393506046389
583,-0.752265289505,0.0565013970597,0.870465041228,0.00143949832899
584,-0.810690421609,-0.0485521680018,0.877969585124,-0.0508004207834
585,-0.711490576764,0.0287097198793,0.855262057421,-0.0735962578914
586,-0.720347505168,0.0154895633833,0.71298138236,-0.0970075916608
587,-0.786725136859,-0.0564762347977,0.845509146297,0.0390151409417
588,-0.894177355609,-0.0485538847387,0.865759783897,-0.040890231423
589,-0.884431231427,-0.0273920110545,0.846246605575,-0.0999558016471
590,-0.848761962319,-0.0170314076874,0.759895553251,-0.0299106136348
591,-0.874005533003,-0.0562097512425,0.748063551622,-0.0518881316358
592,-0.764656439107,-0.0943676223686,0.897356924798,-0.0302269665169
593,-0.887714016533,-0.0695917711707,0.783357008345,0.00629145775734
594,-0.719331235884,-0.015715500236,0.807585874837,-0.0679357353707
595,-0.755289739302,-0.0915150380322,0.801915242414,-0.0193310383678
596,-0.89013459149,0.084139148141,0.744641909035,0.0542543653087
597,-0.729737346344,-0.0622273366617,0.872792637728,-0.0215900318767
598,-0.825646490968,-0.0356295298549,0.787343498753,0.0865631337663
599,-0.830738264603,-0.021619384652,0.834520460134,-0.0886269935842
600,-0.714745160636,0.0336614163621,0.896920521953,-0.075577294297
601,-0.704680814026,0.0983286415135,0.742252002915,-0.0537186153817
602,-0.898228250186,0.0448390208921,0.801645399516,0.0229106861208
603,-0.832182132979,0.0795498016394,0.765719571057,0.0130930849052
604,-0.749834653222,0.0862790203871,0.793166030236,0.0108344986605
605,-0.868366501935,-0.0549436209543,0.773535144301,-0.0653146293804
606,-0.731963851777,-0.0349836358338,0.701791829184,0.00323680427788
607,-0.827484236616,-0.0780808071661,0.837297850265,0.0654462260447
608,-0.793382143283,0.00505186706879,0.884807264804,-0.0347016771151
609,-0.747143307877,0.001727184834,0.74852808851,0.00301935918506
610,-0.881595044611,0.00530979105372,0.793442501194,-0.0847644205565
611,-0.769565693356,0.0541390171459,0.788992798152,-0.098857577079
612,-0.810653072235,0.0816569081026,0.722936117901,0.0954567921325
613,-0.706326243911,0.0304029448261,0.768104333549,-0.0993978483399
614,-0.793615409473,-0.00224470089117,0.863148296839,0.0688573084289
615,-0.787085709253,0.0765478924831,0.765061064294,-0.0321918129289
616,-0.833151481046,-0.0452525307607,0.739067214201,-0.0814372896793
617,-0.700087515883,-0.00341901422199,0.712135637358,-0.0634591164997
618,-0.881385740195,0.0440384238748,0.747806597802,0.0206015905789
619,-0.820578428228,0.0677772508295,0.87987733208,-0.0459260414445
620,-0.815687265836,-0.0570094658262,0.804026120165,0.0664098037244
621,-0.830914470081,0.069856543334,0.841591928515,0.00945797050521
622,-0.771968190667,0.0413806851853,0.74438121285,0.0425951511691
623,-0.787714912888,0.0902182494298,0.801076787178,0.0352761952607
624,-0.77805991212,-0.0820743083699,0.702273994818,-0.0879045293302
625,-0.774681423425,0.0107748240366,0.889511148104,-0.0241073524848
626,-0.773623598373,0.00266659893432,0.821409551881,0.0118897439704
627,-0.862494574824,0.0543036283616,0.803498791075,-0.0344756364414
628,-0.759652546237,-0.0592036869674,0.785012433791,0.0659437919581
629,-0.741395203151,-0.0127228010758,0.774341112803,-0.00048917232354
630,-0.803812403827,0.0222887942144,0.729307935547,0.0244203585615
631,-0.834064383946,-0.0341006418391,0.731855701525,-0.039691118139
632,-0.782509682869,-0.00271456724588,0.808184819675,-0.0255838098113
633,-0.771218377167,0.0276746100166,0.72764263974,0.0627211058094
634,-0.783673492783,0.0726496448718,0.873869172896,-0.00978836544261
635,-0.740533988757,0.0310161234772,0.898566176312,0.0792085982355
636,-0.748602407097,0.00275343314184,0.784370833388,-0.0456888205623
637,-0.784533191087,-0.0330705958506,0.767773780506,0.00928236616283
638,-0.701390292248,-0.0691070486036,0.846941803594,-0.0338629976596
639,-0.745878347423,-0.0512211822522,0.878490749883,0.0350453710275
640,-0.845124794444,-0.067866875976,0.735685897533,-0.0474316015648
641,-0.831010384888,0.0128663051168,0.832479681663,0.0599639850171
642,-0.775522955934,0.0267704525431,0.795674799233,0.0206023348855
643,-0.793781566515,0.00385192562708,0.893079919565,0.00476814446762
644,-0.753429189582,-0.0136190238619,0.782324810871,0.0620574043607
645,-0.836278426083,0.0264323889077,0.847036454237,0.0239173564312
646,-0.842723013635,0.0224196157612,0.867070315151,0.00150284769189
647,-0.874294688121,-0.0964530585096,0.721391617838,-0.0788597605987
648,-0.712091965101,0.0961935374778,0.860239526531,-0.0591027530138
649,-0.886236337762,-0.0532415956856,0.806657749595,0.0834501856549
650,-0.702163869797,-0.0703124874473,0.766425247436,0.0408391706662
651,-0.822127598912,-0.0272686369304,0.853088558362,-0.0422456330027
652,-0.726142301428,-0.0164058989318,0.783202294231,-0.0894988303554
653,-0.81750384496,-0.0152214471306,0.792504848609,0.0929162885515
654,-0.77104784248,-0.0505232588027,0.870151657126,-0.0313954392848
655,-0.720886554651,-0.0943183556721,0.705332237866,-0.0210744236289
656,-0.798331156771,-0.047020756867,0.731197651513,0.0107101712045
657,-0.802848895692,-0.0808254000854,0.765110623845,0.00271521230777
658,-0.782756916436,-0.0550781255132,0.878605703302,-0.0974554617352
659,-0.761534506743,0.0875956473302,0.826788752894,-0.0730844379449
660,-0.729209786831,0.0201716624366,0.784097059441,0.0905217230487
661,-0.884924223217,-0.0667789411114,0.708893966947,-0.0914597962773
662,-0.723327837891,-0.0489007818363,0.744126487423,0.03510291195
663,-0.82999455567,0.0875774869837,0.804720703564,-0.0934573686491
664,-0.770103864678,-0.064071058554,0.750966939565,0.0378339235251
665,-0.806077554539,0.083840922106,0.764286955973,0.0795347720018
666,-0.769561864361,0.0439460778292,0.824080150271,-0.0613200358711
667,-0.86057480748,-0.0691604544169,0.830615942403,0.0959316166428
668,-0.802540466279,0.0764566534556,0.747227127723,-0.0611559259835
669,-0.765041404915,0.081811861771,0.843123489204,-0.0238947736491
670,-0.783819017403,-0.0750016198038,0.71097546983,0.00723558877629
671,-0.847640598997,-0.0683020378569,0.892347038387,0.0509440029481
672,-0.721278584178,-0.0868436846123,0.873854250294,0.00816429527494
673,-0.791417661327,-0.0826717335474,0.839563903184,0.0174635917058
674,-0.703532194705,-0.0674101989879,0.729905278697,-0.0460629567489
675,-0.709588526023,-0.0470433252271,0.713506392663,0.0146807474399
676,-0.847270897074,0.0305770696183,0.705855038311,0.0882169652121
677,-0.873236506015,0.0225581941307,0.872265301509,0.0109266083067
678,-0.774679006918,0.0267182972044,0.81788224238,0.0246910585809
679,-0.735601400288,0.0651149494282,0.825089662578,0.0376734186118
680,-0.89966691974,0.000213053517718,0.746073743763,-0.0631850532845
681,-0.82256366536,-0.0117263228145,0.87184587965,-0.0228719145435
682,-0.896872327158,0.0726616957444,0.753360565399,0.066884210763
683,-0.727983544849,0.0771478339006,0.867737370964,0.0687207841999
684,-0.713060956275,-0.0327250113393,0.803229982863,-0.0978122321737
685,-0.705341564416,0.0305729097994,0.744704502542,0.0355635918959
686,-0.873580879061,0.0964275732449,0.822526121419,0.0476486271113
687,-0.749465907756,-0.0352158065521,0.775284233064,-0.0737659626861
688,-0.832392926573,0.0758639257102,0.857124030069,-0.0224441993908
689,-0.82563282142,0.0841434604317,0.749930454907,-0.0988425028573
690,-0.768677943303,-0.0656228574949,0.867420276717,-0.0655273171464
691,-0.780066942908,0.0621702265134,0.833964216351,0.0682870481721
692,-0.842737919484,0.0906244883434,0.758397251319,-0.0480831155274
693,-0.885749516911,-0.0291431339864,0.733516667052,0.0540932919129
694,-0.703314345682,-0.0114102258292,0.744137376643,-0.091471888293
695,-0.888865040477,-0.0365726477548,0.86328422067,-0.0749220223457
696,-0.782461441878,-0.0472409231752,0.816310430221,0.0287215126983
697,-0.892104944609,0.0180497826243,0.814942078105,0.0615970357507
698,-0.718946903184,-0.0808081119504,0.851198908051,-0.0867858345773
699,-0.777289820998,0.0856637793564,0.724768631604,-0.0963037279422
700,-0.702331678057,0.0520321550987,0.769369819147,-0.0546862324298
701,-0.888312465918,-0.0824592089438,0.836075056951,-0.0467139026538
702,-0.841056704232,0.063137114589,0.860917019795,0.049639277146
703,-0.726051423381,-0.0599608738104,0.885810050818,0.00595392003614
704,-0.82844405052,0.0812856082532,0.87852221467,-0.0194634985906
705,-0.883022526028,0.0974033809857,0.768248519708,-0.0546526288437
706,-0.881330238124,-0.0880945222316,0.810333464967,0.00911877527856
707,-0.81732612981,-0.0353566693813,0.777420494725,0.0348442086055
708,-0.894726281698,0.00631278837464,0.84802917664,-0.0260441739545
709,-0.815087717474,0.0153383230939,0.844663986942,-0.0649576497911
710,-0.863370425465,-0.0500054549383,0.786636211061,-0.0685515492247
711,-0.821992711705,-0.05354341575,0.884522556914,-0.0768420734727
712,-0.768043538507,-0.0297391846761,0.743841977313,-0.0232488253939
713,-0.841988979369,0.00272652522346,0.788030453296,-0.0677749565117
714,-0.817225510523,-0.0969526896064,0.849558077141,-0.0620987504572
715,-0.766173197085,0.00593716353746,0.80477983883,-0.0487103835352
716,-0.795868664891,-0.0108035254213,0.815187311674,-0.0117584200471
717,-0.794304848323,-0.0525614745677,0.864210512925,0.0508993644209
718,-0.875230057925,-0.0816937012219,0.875651684305,0.0213707024657
719,-0.898678934539,-0.00678657350922,0.873047157323,-0.0401366990078
720,-0.817802594086,-0.0789694114601,0.745111896978,0.0255685141268
721,-0.846606481679,0.0864588187216,0.852083308622,0.0282156511195
722,-0.726575515523,-0.00587893064176,0.782788670391,-0.082148573401
723,-0.795478176854,0.0240263011725,0.774336528094,-0.0997270141883
724,-0.744316435266,0.0705241063559,0.762863538192,-0.0147976740974
725,-0.781610053787,0.0420930289544,0.769907667676,-0.0307789879172
726,-0.740181333298,-0.0568452960708,0.847414075374,-0.0090706641539
727,-0.765168529662,-0.0406946657376,0.732961147271,0.0993498179791
728,-0.895723005055,-0.0918769802429,0.716878263609,-0.0941115801506
729,-0.869652153215,-0.0264340186144,0.802159986745,0.0398691260336
730,-0.819214855045,0.0240809992566,0.88894291939,0.0288532810627
731,-0.835699256691,0.05268087752,0.810377904836,0.0224933163933
732,-0.883217612094,0.0815192307851,0.896799958982,-0.0886281863818
733,-0.849868419016,0.0936961229505,0.779884671725,0.0549589728507
734,-0.829375352668,-0.033596161613,0.862552040172,0.014136537472
735,-0.817142392947,-0.0769163045667,0.890273546684,-0.0327274024431
736,-0.713044599469,-0.00889039108584,0.886296712381,0.0602502817848
737,-0.833110264132,-0.0918907739575,0.700546945789,-0.033039780625
738,-0.760440891532,0.00419710548503,0.889499801674,-0.0872509915758
739,-0.809544367762,-0.0798491875864,0.817558303044,-0.0641927311926
740,-0.867797688016,0.0891778262547,0.77919217046,0.0229228173759
741,-0.73890929471,-0.0698346269287,0.883683730067,-0.0300262702973
742,-0.733174831115,0.00467185441492,0.790042001677,-0.0579539510892
743,-0.841291099484,-0.0508446941573,0.790140478263,-0.0627425448729
744,-0.75437159495,-0.0810523068624,0.796248843415,0.0790046048888
745,-0.717373265242,-0.0747925082363,0.725362885636,-0.0929015995568
746,-0.765313219821,-0.0683551310949,0.706130376143,0.0537962416788
747,-0.809300475855,0.0242711356051,0.730096130499,-0.0929755523388
748,-0.833538145961,-0.0854004832743,0.750102011618,0.0811239260678
749,-0.877507005376,0.0155847681745,0.713974519076,0.0387079315442
750,-0.875581881045,0.0832693593695,0.759295593118,-0.033088837657
751,-0.8625462045,-0.0505224992756,0.875694100521,-0.00543740297028
752,-0.739235776752,0.0125546250402,0.813819273265,-0.073735513595
753,-0.70701070183,0.0160864244175,0.807527155937,0.076274778693
754,-0.845651567301,-0.0430315962781,0.717726250952,0.0514453580542
755,-0.865805012136,-0.0232256154844,0.748358134205,0.0683277865269
756,-0.710164869883,0.00683795101103,0.860895612735,-0.0731404064069
757,-0.877354260653,-0.0719439181357,0.860742008859,0.0868843397572
758,-0.753579396068,-0.0963184696702,0.822054321931,0.00136805108251
759,-0.858580739353,-0.0793750402787,0.773315021493,0.00743162113123
760,-0.871128174188,-0.00645062813957,0.800378486022,0.0082045048461
761,-0.86586401574,-0.00248485442263,0.855786089852,-0.0771273607426
762,-0.733906327718,-0.0567425800852,0.891855814194,0.0639806121722
763,-0.8697569273,-0.00437476424363,0.781708357539,0.036394111976
764,-0.754032984283,0.0321127759616,0.78702698117,0.0196988966457
765,-0.706884678037,-0.0598804944977,0.846563550232,-0.0325777429912
766,-0.798614603955,-0.0487183960851,0.849879981317,-0.0470238745587
767,-0.72322689383,0.0931255919784,0.758870466065,0.00372424919798
768,-0.813694449258,-0.0383944277966,0.832172418243,-0.0343649246595
769,-0.785609130127,0.0247123179214,0.884472426654,0.0813650425949
770,-0.783764792067,0.0519947922524,0.700799821902,-0.0271632216627
771,-0.790232135621,0.0631912735885,0.815402903061,-0.0933157623645
772,-0.80559601964,-0.0538300862676,0.888652310566,0.0173396953149
773,-0.802206951705,-0.0532344204559,0.744258283615,-0.0468712089205
774,-0.716630936425,-0.0030650298043,0.726144510766,-0.0397287370538
775,-0.754929217183,0.0817168845469,0.850493533191,0.0894871435105
776,-0.893847761965,-0.0603544286589,0.739970269831,0.0734326683462
777,-0.783534631223,-0.0118266891666,0.814538044787,-0.0620881278346
778,-0.748151171297,-0.063915443913,0.892212575249,-0.0222398609743
779,-0.878348184934,0.0115928434575,0.730039144808,-0.057497946805
780,-0.880644217523,0.0607468334544,0.885186927107,0.0728687541817
781,-0.702175260649,0.0102166056801,0.797487652581,0.0160983316291
782,-0.808554733437,0.0762105364282,0.765039400656,0.0538842243363
783,-0.850202718646,0.00954311370658,0.81375589514,0.0013399546394
784,-0.707245138715,-0.042828367551,0.702863245454,-0.0273023105918
785,-0.86474017132,0.0907891067143,0.711901012093,0.0551977940551
786,-0.880812483461,0.00322744381653,0.841396480313,-0.0792225145091
787,-0.899662794751,-0.097745138616,0.735908763015,-0.0200073080676
788,-0.817867938067,0.0415601179971,0.751156944919,0.0134047479943
789,-0.738976759438,-0.0407820266435,0.715131397238,-0.0656297030063
790,-0.892415513819,-0.0424174206547,0.897927628735,0.0557168736549
791,-0.890361956954,0.0718513821797,0.77340163767,-0.054656571929
792,-0.762776399377,0.0410076610962,0.868412507585,0.0803383887844
793,-0.856703163627,0.0737912387166,0.808106672699,0.0344544326506
794,-0.791439353525,-0.0644440700362,0.847608512497,0.0988810947983
795,-0.837128925259,0.0899889545816,0.893693232793,0.0830850555136
796,-0.710924731139,-0.0207858767824,0.811088197289,0.0971353988701
797,-0.855006212611,-0.0874012308158,0.846354755485,0.0785258263551
798,-0.829177186775,-0.0550001751863,0.787387903814,0.00227723110991
799,-0.708046571898,0.00583147941535,0.774349910372,-0.00690856615995
800,-0.794189440761,0.0973427148991,0.704497207504,-0.0104944486389
801,-0.814029735283,0.0448910739004,0.829340305577,0.0937564330044
802,-0.760095226025,0.0591375375078,0.754790960647,0.0989882387873
803,-0.856128980478,-0.00685563655584,0.878012225342,0.0423300349243
804,-0.72540426577,-0.0267325110834,0.740697868014,-0.0205551497265
805,-0.741016743703,-0.032224402388,0.737971741255,-0.0381220461571
806,-0.814277678036,0.0687547203241,0.757214209952,0.0955982994742
807,-0.756129312702,-0.0783245933477,0.857201521443,0.0812989730415
808,-0.743649928517,-0.047288167676,0.802303140967,0.062282253123
809,-0.827181667991,-0.00304209186868,0.758299567463,-0.00447528767513
810,-0.848635491477,0.0419210794257,0.748887436807,0.0773526828296
811,-0.797779339315,0.0304992752387,0.875565934169,-0.0238315296674
812,-0.810021021665,-0.00613889421376,0.816218862778,0.0226561606135
813,-0.834240914352,0.0548203656379,0.720524648414,-0.0112186750881
814,-0.876911971787,0.0841665422978,0.766848073417,-0.00110587428329
815,-0.804564031164,-0.0172407964548,0.783683096371,0.076955595447
816,-0.747853033824,-0.0916028088629,0.759298163071,-0.0732621603405
817,-0.727410526332,0.0443511288769,0.741117613467,-0.0745534362129
818,-0.826913884316,-0.0565214850176,0.716518620716,0.0829370169035
819,-0.717639961838,0.0869981953421,0.881727366585,-0.0938206585611
820,-0.897135890675,-0.0076541848023,0.845478436331,-0.063738309165
821,-0.702630457351,-0.0552651586141,0.746402547148,0.0382857740727
822,-0.775423929616,-0.0674497750339,0.708546536505,0.0681581286686
823,-0.880919352511,-0.0654255995306,0.730830541651,0.0136564159215
824,-0.735670260629,-0.0388253293168,0.798121698582,0.00399752994767
825,-0.736405314186,-0.0335278177064,0.81996109676,-0.0711885874233
826,-0.755102801394,-0.0938636851209,0.746096987057,0.028855740084
827,-0.760363025105,0.0731179681033,0.757529387188,-0.0115728337493
828,-0.801050939605,0.0501720599367,0.831509560557,0.0218650386924
829,-0.781716587641,0.0705491545997,0.718934271875,-0.0136888983626
830,-0.809440242445,-0.0159602983717,0.737579199094,-0.0683230951
831,-0.773190132296,-0.0318480337204,0.761612126148,-0.0175270140425
832,-0.844426276552,-0.0928508619599,0.883827167671,0.0565345579267
833,-0.855889616439,0.0171040761588,0.890719117413,0.0280587014531
834,-0.882660558376,0.0102359999636,0.851606042452,-0.0321626378755
835,-0.893748921124,0.00685329244517,0.813036011029,-0.0992862989006
836,-0.777384866683,-0.0340927258846,0.71070542985,0.0451086743763
837,-0.821894219573,-0.00974699565135,0.710148197145,0.0696880278939
838,-0.798374539123,0.0357472547143,0.710929374128,0.0573933936183
839,-0.829204409134,-0.0980950807024,0.719934521911,0.0931326381434
840,-0.710557312628,0.0839904476296,0.870085822155,0.0359248362145
841,-0.835968571311,0.0567250432843,0.748696367143,-0.078721638511
842,-0.704888668885,0.0216043925258,0.820484298622,-0.00833194857772
843,-0.732107994514,-0.0819449701985,0.87048969944,0.0553215417249
844,-0.712467409061,0.0965072277479,0.760370226382,0.0503724924162
845,-0.808376127204,0.00254279106882,0.700404681872,-0.0203299480015
846,-0.845724871907,0.0884364536887,0.855295783986,-0.0637164939327
847,-0.830914054456,-0.0829462597904,0.884959144571,-0.0421958662759
848,-0.804607839581,0.0665995764575,0.888834128678,0.020323282206
849,-0.801292504572,0.0213989915668,0.711663404173,-0.0788964629362
850,-0.769525649725,0.0690248583016,0.720121935602,0.0923312455436
851,-0.856326230184,0.0366558512012,0.863849302936,-0.0837217579187
852,-0.71239283824,-0.0460139322831,0.703845655299,-0.0340636038591
853,-0.869029066762,-0.0667102523069,0.706705075619,-0.055266390741
854,-0.781616324838,0.0866974021208,0.7636970114,-0.00251306462406
855,-0.835609413034,-0.0300993904833,0.740995315835,0.0302992254677
856,-0.79197536384,0.0588235128932,0.825192995854,0.0225826502112
857,-0.805451255479,0.0699560311508,0.704298707158,-0.0835179920267
858,-0.89557620909,0.00787855550308,0.809527007968,-0.0067784856716
859,-0.771793937581,0.00847029249505,0.892533573566,0.0331392116229
860,-0.810207533089,0.00406937403046,0.817788233068,0.00420638395331
861,-0.766759735754,-0.0653428059441,0.89606472574,-0.0337687917359
862,-0.823074314384,-0.0114954192474,0.893268089703,-0.0859852630162
863,-0.827421765477,0.0481677150877,0.737971357592,-0.0711137453506
864,-0.885557759943,0.0719260726123,0.871242861104,-0.0801990233633
865,-0.824988975362,0.0410896913054,0.869962277459,0.0904984338266
866,-0.720536578577,0.0647809537001,0.886940253243,-0.00747961884794
867,-0.808808387204,-0.0305709541323,0.850271024208,0.0378415565473
868,-0.816239656166,-0.0601337808392,0.860441155286,0.0132131932615
869,-0.738444702315,0.0575556355931,0.731104937257,-0.0376583785483
870,-0.742916985981,-0.0300673175961,0.716832086402,0.0411471946715
871,-0.742540185882,-0.0445837076193,0.841332824602,-0.00901334910538
872,-0.729823989599,0.0761240252002,0.820785093475,-0.0880647927867
873,-0.82394204029,0.00527341052911,0.741261726665,0.013545747792
874,-0.789637772123,0.0363322629292,0.89573700451,0.01375890051
875,-0.879122145291,-0.0955080682072,0.86096549491,0.0580616203832
876,-0.863148970646,-0.0730490713432,0.753547507235,-0.0130190360527
877,-0.712199693581,-0.0546078809753,0.849314847911,0.0835018867811
878,-0.762703690995,-0.0695155371313,0.746675397123,-0.07677424102
879,-0.764759548243,0.0467018781977,0.800766803486,0.0714062883008
880,-0.721616691324,-0.0369002035857,0.856954618988,-0.0718255617956
881,-0.824403242558,0.0878883336612,0.700392079991,0.0362866873685
882,-0.782768458925,0.0067579935715,0.721060012479,-0.0800530768606
883,-0.798989839541,0.0782733697384,0.704578988949,-0.0344975833791
884,-0.892163842669,0.0650522093401,0.786109422397,-0.0896698007644
885,-0.850004220799,0.0677389510152,0.815428044184,0.00389556394988
886,-0.726731145779,-0.0424588667992,0.705735832511,0.0607975568946
887,-0.768987485782,0.0429334871377,0.824179323262,0.0888193593237
888,-0.890780574035,-0.0329873573145,0.86602143777,0.036314761381
889,-0.863808672734,-0.00702295268734,0.888803152908,-0.0556821243891
890,-0.781661673291,-0.0509912502602,0.735911101129,-0.0428751649215
891,-0.713657501107,-0.0761427536247,0.869699843314,-0.0920136794134
892,-0.704062413687,-0.0108941965284,0.77529744085,0.00699026961465
893,-0.858265015118,-0.00431679261035,0.843879020849,0.0372688049677
894,-0.73379002289,0.0723569666971,0.854105947687,0.0207797217524
895,-0.700623797629,0.0725989426797,0.776445948897,0.0831272170286
896,-0.855028331601,-0.0544559578332,0.705864844927,0.00507748648769
897,-0.714702635282,0.0546218075389,0.711481277408,0.0840245786185
898,-0.853963647548,-0.0062599047303,0.811481541647,0.0371824686523
899,-0.806642219891,-0.0971240859559,0.890439723003,-0.0146099531419
900,-0.701354379756,0.0472001365923,0.78637663331,-0.0467900962019
901,-0.736420935245,0.0151887522476,0.790170223946,0.0733518908478
902,-0.8772769588,0.09285361749,0.848362588987,0.0596257917737
903,-0.7069336317,-0.0106258608498,0.807762195929,0.00368928898536
904,-0.707509933783,0.0726015138033,0.805733927134,0.0115761807059
905,-0.833429515603,-0.0462849893902,0.769544357201,-0.0680763779471
906,-0.787589831758,0.0953394561483,0.840726407157,0.0742507599802
907,-0.731408286017,0.0133570607113,0.789447085614,0.0430997030075
908,-0.782856309151,-0.00492681388102,0.727694687788,-0.0471973714972
909,-0.865735202411,0.0656230865156,0.74303432242,-0.0148601335372
910,-0.890667766631,-0.0594948036634,0.724313054551,0.00535353364896
911,-0.846901626095,-0.0872141197943,0.81533127869,-0.0864454288951
912,-0.835562003501,0.0864370931803,0.874773645236,-0.0314573449395
913,-0.887776331611,0.0581784053159,0.795995321233,-0.0936801377474
914,-0.856523964029,-0.0848899236677,0.716947976473,0.0857594023676
915,-0.872322817661,-0.0699384014128,0.723310118806,-0.0180706972802
916,-0.798731406301,-0.0320436269818,0.898267370488,0.0890211767461
917,-0.722156716113,-0.061813316791,0.866940545073,-0.00184193990726
918,-0.774753719181,-0.063875748323,0.743334206521,0.0428008298334
919,-0.720231591822,-0.0368698498537,0.713068015857,-0.0640861905214
920,-0.773880441153,0.046139341371,0.785693501761,-0.0509173756369
921,-0.823259363219,0.0751270684473,0.835066149952,-0.0203036640134
922,-0.725809280914,-0.00192146096766,0.784707866582,0.0865830652158
923,-0.731145551775,-0.0682912535256,0.744961836462,0.0186797948294
924,-0.783366131586,-0.0708531290859,0.723982931692,-0.0724237026187
925,-0.701729948392,0.0957246104069,0.752278639001,-0.0415675395966
926,-0.745327391883,-0.0356520460051,0.746703633603,-0.0200763405557
927,-0.803743487908,0.0519571711094,0.726148147198,0.0336882356061
928,-0.874319703061,-0.0886249131001,0.898066054755,-0.056748795658
929,-0.743607512217,0.0626758106817,0.782102609014,-0.098125040456
930,-0.845798688746,-0.0244226725716,0.765353090212,-0.0911149719292
931,-0.720038627303,-0.0594398550994,0.869201315011,-0.0445239288938
932,-0.821632220229,0.0531284711193,0.888514748128,0.0313560351085
933,-0.718474088611,-0.0471793974612,0.848624751161,0.0464602375446
934,-0.71214179218,0.0215750815665,0.843131690077,-0.0743809393707
935,-0.849912789101,-0.0903983166847,0.834942414852,-0.0342456947466
936,-0.723695305923,-0.0235451635858,0.709388019664,0.0880184188472
937,-0.728438366839,-0.0259555615049,0.774301874514,-0.0638370061663
938,-0.841919720942,-0.0984970177045,0.746942732022,0.0334961438316
939,-0.752855161948,-0.085080295382,0.780725283956,0.0782119205383
940,-0.747679598961,-0.0534107006573,0.785072110538,0.057780721981
941,-0.818381640133,-0.0808650532092,0.892764923248,0.0876446031041
942,-0.801005157569,-0.0967047539725,0.837117782531,-0.0557433843678
943,-0.873232417415,-0.011552163568,0.720146740056,0.0379904354893
944,-0.801675540801,0.0937089351898,0.772825187725,-0.0812041511561
945,-0.738096785508,-0.0297373459655,0.803353018065,-0.0933731779178
946,-0.890586675401,-0.023889813256,0.763883442902,0.0315637289478
947,-0.860323332266,0.0633302939837,0.764771855969,0.0331946729184
948,-0.814079058884,0.0558192082172,0.736674537611,-0.0335470034644
949,-0.838993193848,0.0757805046174,0.703750862516,0.00796385260792
950,-0.768585134824,-0.0340878544972,0.897004655243,-0.098459735668
951,-0.79739334457,0.0214107474569,0.787686721305,0.0509685500252
952,-0.832660581631,0.0672293479488,0.742687838958,0.0860818404452
953,-0.707372971608,0.0979309386238,0.788920083413,0.0689551101003
954,-0.704366702416,-0.094842336659,0.850083206987,-0.0393579406659
955,-0.872923713939,0.00377626080416,0.732343031332,0.0670707867798
956,-0.849023114408,0.0924184324367,0.781944002209,0.0794398946161
957,-0.707587846339,0.00569820876815,0.765566428516,0.0174328963788
958,-0.897321029122,0.0234090137423,0.804574936885,-0.00428826441481
959,-0.71565945569,0.0734771907412,0.747735731245,0.0795817834442
960,-0.737103598073,-0.0341701796537,0.8321148682,0.081927714718
961,-0.846546359526,0.0167337971549,0.781264775189,-0.0164487390771
962,-0.749937158556,0.0391562305529,0.721082932368,0.0819091214409
963,-0.74957121329,0.0689048644095,0.721022924748,0.00567890778724
964,-0.849641650812,-0.0285157624948,0.879649029391,0.0665670967743
965,-0.773939694458,-0.0157580475386,0.831022553227,-0.00295192540825
966,-0.852945198827,0.0948437971637,0.798501809571,-0.00371829819718
967,-0.810398953184,-0.0035356333424,0.788031599591,0.0611096632333
968,-0.844852890191,-0.0759507242801,0.737192490484,0.045812472345
969,-0.839464399548,0.00459146483454,0.809311238976,0.0930428028314
970,-0.808463850119,0.0955558016723,0.867171630925,-0.0860697714846
971,-0.756420400952,-0.0653383764766,0.813324754162,-0.0360895855887
972,-0.71634723958,0.00600662104138,0.728394760693,-0.0035907812655
973,-0.724171099481,0.00797928124446,0.836609444358,0.0516688369275
974,-0.709333237963,0.0658635986614,0.813158153968,-0.087401838283
975,-0.849403767289,0.0636780152993,0.888431167844,0.0447303152006
976,-0.781813675998,0.0306474710268,0.819669298744,0.0659859559669
977,-0.871435173607,-0.0920771975093,0.732021716707,0.0313910319875
978,-0.723154370533,-0.0403328475667,0.735078023764,0.0200998883765
979,-0.831529270876,-0.0240795632402,0.727455068264,-0.0304298591219
980,-0.751665142111,-0.00343511495207,0.891635915151,0.0609900320048
981,-0.798032494271,0.0901191246193,0.77427034223,-0.0374955062055
982,-0.852122707596,0.0768687482286,0.827996052624,-0.0608246281272
983,-0.891962316922,-0.0163908744735,0.824229883293,-0.087751290332
984,-0.8557901755,-0.036021488992,0.825325377019,-0.0900048584397
985,-0.829466362359,0.0688293382315,0.781745403276,-0.0544277158899
986,-0.816011472371,0.0555587584333,0.746771711722,0.00623416107631
987,-0.849187723815,0.0700466546776,0.824611061848,0.0327567741488
988,-0.894248875871,0.0963701716535,0.758268348436,0.0627677833974
989,-0.879159216576,-0.0377263642808,0.701198310761,0.0253139427389
990,-0.762390707654,0.0810850909268,0.809115315085,-0.0991393411571
991,-0.892144287381,-0.0881326503217,0.839560012136,0.0408038794241
992,-0.887732044315,0.0669796305618,0.708213879219,0.0281186009013
993,-0.725087138275,-0.0862182591247,0.759847742482,-0.052184187701
994,-0.842414909689,0.087940683944,0.701953128154,-0.0838511026009
995,-0.851663306428,-0.0255247270874,0.730676675021,0.093028455535
996,-0.874361674075,0.0144929543214,0.708448359135,0.00126107810845
997,-0.791996893391,-0.0465716239229,0.760177036079,-0.0395258370979
998,-0.719863370313,0.092456299205,0.87932081062,0.0515064252041
999,-0.89671500084,-0.03470789057,0.780458879342,-0.0143178525263
